mpn,top_marking,package_case,description,confidence,source
74AVC1T45W6-7,7A,SOT26,Buffer/Driver,high,74AVC1T45.pdf
74AVC1T45DW-7,7B,SOT363,Buffer/Driver,high,74AVC1T45.pdf
74AVC1T45FW3-7,7A,X2-DFN0910-6,Buffer/Driver,high,74AVC1T45.pdf
74AVC1T45FW5-7,7X,X1-DFN1010-6,Buffer/Driver,high,74AVC1T45.pdf
74AVC1T45FX4-7,7B,X2-DFN1409-6,Buffer/Driver,high,74AVC1T45.pdf
74AVC1T45FZ4-7,7C,X2-DFN1410-6,Buffer/Driver,high,74AVC1T45.pdf
PMBT3906,*2A,SOT23,NPN general-purpose transistor,high,PMBT3906.pdf
PCA9548ABS,548A,HVQFN24,8-channel I2C-bus switch with reset,high,PCA9548A-3139384 (1).pdf
"PCA9548ABS,118",548A,HVQFN24,8-channel I2C-bus switch with reset,high,PCA9548A-3139384 (1).pdf
PCA9548ABSHP,548A,HVQFN24,8-channel I2C-bus switch with reset,high,PCA9548A-3139384 (1).pdf
PCA9548AD,PCA9548AD,SO24,8-channel I2C-bus switch with reset,high,PCA9548A-3139384 (1).pdf
"PCA9548AD,112",PCA9548AD,SO24,8-channel I2C-bus switch with reset,high,PCA9548A-3139384 (1).pdf
"PCA9548AD,118",PCA9548AD,SO24,8-channel I2C-bus switch with reset,high,PCA9548A-3139384 (1).pdf
PCA9548APW,PCA9548A,TSSOP24,8-channel I2C-bus switch with reset,high,PCA9548A-3139384 (1).pdf
"PCA9548APW,112",PCA9548A,TSSOP24,8-channel I2C-bus switch with reset,high,PCA9548A-3139384 (1).pdf
"PCA9548APW,118",PCA9548A,TSSOP24,8-channel I2C-bus switch with reset,high,PCA9548A-3139384 (1).pdf
MAX9914 EXK+T,AGB,5 SC70,Amplifier,high,MAX9914_MAX9917-3471180.pdf
MAX9914EXK-T,AGB,5 SC70,Amplifier,high,MAX9914_MAX9917-3471180.pdf
MAX9915 EXT+T,ACB,6 SC70,Amplifier,high,MAX9914_MAX9917-3471180.pdf
MAX9915EXT-T,ACB,6 SC70,Amplifier,high,MAX9914_MAX9917-3471180.pdf
MAX9916 EKA+T,AEJZ,8 SOT23,Amplifier,high,MAX9914_MAX9917-3471180.pdf
MAX9916EKA-T,AEJZ,8 SOT23,Amplifier,high,MAX9914_MAX9917-3471180.pdf
MAX9917 EUB,-,10 µMAX,Amplifier,high,MAX9914_MAX9917-3471180.pdf
MAX9917EUB+,-,10 µMAX,Amplifier,high,MAX9914_MAX9917-3471180.pdf
PMBT3904,%1A,SOT23,Transient Voltage Suppression Diode,high,PMBT3904.pdf
2N7002KT1G,,SOT-23,N-Channel Enhancement Mode MOSFET,medium,2N7002K-D.pdf
2V7002KT1G,,SOT-23,N-Channel Enhancement Mode MOSFET,medium,2N7002K-D.pdf
2N7002KT7G,,SOT-23,N-Channel Enhancement Mode MOSFET,medium,2N7002K-D.pdf
FK2400013,,3.2x2.5mm,Crystal Clock Oscillator,medium,36953519-f395-40d8-bf2e-356c57286356.pdf
FK0500003,,3.2x2.5mm,Crystal Clock Oscillator,medium,36953519-f395-40d8-bf2e-356c57286356.pdf
FK12O0016,,3.2x2.5mm,Crystal Clock Oscillator,medium,36953519-f395-40d8-bf2e-356c57286356.pdf
FK12O0017,,3.2x2.5mm,Crystal Clock Oscillator,medium,36953519-f395-40d8-bf2e-356c57286356.pdf
FK1630009,,3.2x2.5mm,Crystal Clock Oscillator,medium,36953519-f395-40d8-bf2e-356c57286356.pdf
FK1630011,,3.2x2.5mm,Crystal Clock Oscillator,medium,36953519-f395-40d8-bf2e-356c57286356.pdf
FK1840006,,3.2x2.5mm,Crystal Clock Oscillator,medium,36953519-f395-40d8-bf2e-356c57286356.pdf
FK2450030,,3.2x2.5mm,Crystal Clock Oscillator,medium,36953519-f395-40d8-bf2e-356c57286356.pdf
FK2500040,,3.2x2.5mm,Crystal Clock Oscillator,medium,36953519-f395-40d8-bf2e-356c57286356.pdf
FK2500043,,3.2x2.5mm,Crystal Clock Oscillator,medium,36953519-f395-40d8-bf2e-356c57286356.pdf
FK2500084,,3.2x2.5mm,Crystal Clock Oscillator,medium,36953519-f395-40d8-bf2e-356c57286356.pdf
FK2600029,,3.2x2.5mm,Crystal Clock Oscillator,medium,36953519-f395-40d8-bf2e-356c57286356.pdf
FK2700036,,3.2x2.5mm,Crystal Clock Oscillator,medium,36953519-f395-40d8-bf2e-356c57286356.pdf
FK2860003E,,3.2x2.5mm,Crystal Clock Oscillator,medium,36953519-f395-40d8-bf2e-356c57286356.pdf
FK2990001,,3.2x2.5mm,Crystal Clock Oscillator,medium,36953519-f395-40d8-bf2e-356c57286356.pdf
FK4000061,,3.2x2.5mm,Crystal Clock Oscillator,medium,36953519-f395-40d8-bf2e-356c57286356.pdf
FK5000022,,3.2x2.5mm,Crystal Clock Oscillator,medium,36953519-f395-40d8-bf2e-356c57286356.pdf
FK5000023,,3.2x2.5mm,Crystal Clock Oscillator,medium,36953519-f395-40d8-bf2e-356c57286356.pdf
FK5000024,,3.2x2.5mm,Crystal Clock Oscillator,medium,36953519-f395-40d8-bf2e-356c57286356.pdf
FK5000025,,3.2x2.5mm,Crystal Clock Oscillator,medium,36953519-f395-40d8-bf2e-356c57286356.pdf
FK5000027,,3.2x2.5mm,Crystal Clock Oscillator,medium,36953519-f395-40d8-bf2e-356c57286356.pdf
FK5120002,,3.2x2.5mm,Crystal Clock Oscillator,medium,36953519-f395-40d8-bf2e-356c57286356.pdf
FK5400007,,3.2x2.5mm,Crystal Clock Oscillator,medium,36953519-f395-40d8-bf2e-356c57286356.pdf
FK5660001,,3.2x2.5mm,Crystal Clock Oscillator,medium,36953519-f395-40d8-bf2e-356c57286356.pdf
FKAOOO015,,3.2x2.5mm,Crystal Clock Oscillator,medium,36953519-f395-40d8-bf2e-356c57286356.pdf
FKC500023,,3.2x2.5mm,Crystal Clock Oscillator,medium,36953519-f395-40d8-bf2e-356c57286356.pdf
FK2500095,,3.2x2.5mm,Crystal Clock Oscillator,medium,36953519-f395-40d8-bf2e-356c57286356.pdf
FK3300012,,3.2x2.5mm,Crystal Clock Oscillator,medium,36953519-f395-40d8-bf2e-356c57286356.pdf
FK6660006,,3.2x2.5mm,Crystal Clock Oscillator,medium,36953519-f395-40d8-bf2e-356c57286356.pdf
FKAOOOOO7,,3.2x2.5mm,Crystal Clock Oscillator,medium,36953519-f395-40d8-bf2e-356c57286356.pdf
FKCSOOOO9A,,3.2x2.5mm,Crystal Clock Oscillator,medium,36953519-f395-40d8-bf2e-356c57286356.pdf
FK4800016,,3.2x2.5mm,Crystal Clock Oscillator,medium,36953519-f395-40d8-bf2e-356c57286356.pdf
FK5000039,,3.2x2.5mm,Crystal Clock Oscillator,medium,36953519-f395-40d8-bf2e-356c57286356.pdf
FK5000045,,3.2x2.5mm,Crystal Clock Oscillator,medium,36953519-f395-40d8-bf2e-356c57286356.pdf
FKAOOOOO8A,,3.2x2.5mm,Crystal Clock Oscillator,medium,36953519-f395-40d8-bf2e-356c57286356.pdf
FKC500012,,3.2x2.5mm,Crystal Clock Oscillator,medium,36953519-f395-40d8-bf2e-356c57286356.pdf
FKC500031,,3.2x2.5mm,Crystal Clock Oscillator,medium,36953519-f395-40d8-bf2e-356c57286356.pdf
FKC5OOO15Z,,3.2x2.5mm,Crystal Clock Oscillator,medium,36953519-f395-40d8-bf2e-356c57286356.pdf
FKC500030,,3.2x2.5mm,Crystal Clock Oscillator,medium,36953519-f395-40d8-bf2e-356c57286356.pdf
FK2660002,,3.2x2.5mm,Crystal Clock Oscillator,medium,36953519-f395-40d8-bf2e-356c57286356.pdf
FK2700005,,3.2x2.5mm,Crystal Clock Oscillator,medium,36953519-f395-40d8-bf2e-356c57286356.pdf
FK3330012,,3.2x2.5mm,Crystal Clock Oscillator,medium,36953519-f395-40d8-bf2e-356c57286356.pdf
FK4000038,,3.2x2.5mm,Crystal Clock Oscillator,medium,36953519-f395-40d8-bf2e-356c57286356.pdf
FK4000041,,3.2x2.5mm,Crystal Clock Oscillator,medium,36953519-f395-40d8-bf2e-356c57286356.pdf
FK4000042,,3.2x2.5mm,Crystal Clock Oscillator,medium,36953519-f395-40d8-bf2e-356c57286356.pdf
FK4910004,,3.2x2.5mm,Crystal Clock Oscillator,medium,36953519-f395-40d8-bf2e-356c57286356.pdf
FK5000004,,3.2x2.5mm,Crystal Clock Oscillator,medium,36953519-f395-40d8-bf2e-356c57286356.pdf
FK5000044,,3.2x2.5mm,Crystal Clock Oscillator,medium,36953519-f395-40d8-bf2e-356c57286356.pdf
FK6600009,,3.2x2.5mm,Crystal Clock Oscillator,medium,36953519-f395-40d8-bf2e-356c57286356.pdf
FK6600013,,3.2x2.5mm,Crystal Clock Oscillator,medium,36953519-f395-40d8-bf2e-356c57286356.pdf
FKAOOO004,,3.2x2.5mm,Crystal Clock Oscillator,medium,36953519-f395-40d8-bf2e-356c57286356.pdf
FK1220018,,3.2x2.5mm,Crystal Clock Oscillator,medium,36953519-f395-40d8-bf2e-356c57286356.pdf
FK2400043,,3.2x2.5mm,Crystal Clock Oscillator,medium,36953519-f395-40d8-bf2e-356c57286356.pdf
FK2400045,,3.2x2.5mm,Crystal Clock Oscillator,medium,36953519-f395-40d8-bf2e-356c57286356.pdf
FK2500027,,3.2x2.5mm,Crystal Clock Oscillator,medium,36953519-f395-40d8-bf2e-356c57286356.pdf
FK2500054,,3.2x2.5mm,Crystal Clock Oscillator,medium,36953519-f395-40d8-bf2e-356c57286356.pdf
FK2SOOO06,,3.2x2.5mm,Crystal Clock Oscillator,medium,36953519-f395-40d8-bf2e-356c57286356.pdf
FK0730002,,3.2x2.5mm,Crystal Clock Oscillator,medium,36953519-f395-40d8-bf2e-356c57286356.pdf
FK1220015,,3.2x2.5mm,Crystal Clock Oscillator,medium,36953519-f395-40d8-bf2e-356c57286356.pdf
FK16O0011,,3.2x2.5mm,Crystal Clock Oscillator,medium,36953519-f395-40d8-bf2e-356c57286356.pdf
FK1840007,,3.2x2.5mm,Crystal Clock Oscillator,medium,36953519-f395-40d8-bf2e-356c57286356.pdf
FK2400015,,3.2x2.5mm,Crystal Clock Oscillator,medium,36953519-f395-40d8-bf2e-356c57286356.pdf
FK2450013,,3.2x2.5mm,Crystal Clock Oscillator,medium,36953519-f395-40d8-bf2e-356c57286356.pdf
FK2500032,,3.2x2.5mm,Crystal Clock Oscillator,medium,36953519-f395-40d8-bf2e-356c57286356.pdf
FK2500054,,3.2x2.5mm,Crystal Clock Oscillator,medium,36953519-f395-40d8-bf2e-356c57286356.pdf
FK2500101,,3.2x2.5mm,Crystal Clock Oscillator,medium,36953519-f395-40d8-bf2e-356c57286356.pdf
FK2500112,,3.2x2.5mm,Crystal Clock Oscillator,medium,36953519-f395-40d8-bf2e-356c57286356.pdf
FK2700024,,3.2x2.5mm,Crystal Clock Oscillator,medium,36953519-f395-40d8-bf2e-356c57286356.pdf
FK3200003,,3.2x2.5mm,Crystal Clock Oscillator,medium,36953519-f395-40d8-bf2e-356c57286356.pdf
FK5O00016,,3.2x2.5mm,Crystal Clock Oscillator,medium,36953519-f395-40d8-bf2e-356c57286356.pdf
FK5000038,,3.2x2.5mm,Crystal Clock Oscillator,medium,36953519-f395-40d8-bf2e-356c57286356.pdf
FK5O0005Q,,3.2x2.5mm,Crystal Clock Oscillator,medium,36953519-f395-40d8-bf2e-356c57286356.pdf
FK7500011,,3.2x2.5mm,Crystal Clock Oscillator,medium,36953519-f395-40d8-bf2e-356c57286356.pdf
FKO2OOOO3M,,3.2x2.5mm,Crystal Clock Oscillator,medium,36953519-f395-40d8-bf2e-356c57286356.pdf
FK1120004,,3.2x2.5mm,Crystal Clock Oscillator,medium,36953519-f395-40d8-bf2e-356c57286356.pdf
FK1920012,,3.2x2.5mm,Crystal Clock Oscillator,medium,36953519-f395-40d8-bf2e-356c57286356.pdf
FK2400033,,3.2x2.5mm,Crystal Clock Oscillator,medium,36953519-f395-40d8-bf2e-356c57286356.pdf
FK2500020,,3.2x2.5mm,Crystal Clock Oscillator,medium,36953519-f395-40d8-bf2e-356c57286356.pdf
FK2500049,,3.2x2.5mm,Crystal Clock Oscillator,medium,36953519-f395-40d8-bf2e-356c57286356.pdf
FK2500051,,3.2x2.5mm,Crystal Clock Oscillator,medium,36953519-f395-40d8-bf2e-356c57286356.pdf
FK2600008,,3.2x2.5mm,Crystal Clock Oscillator,medium,36953519-f395-40d8-bf2e-356c57286356.pdf
FK2600042,,3.2x2.5mm,Crystal Clock Oscillator,medium,36953519-f395-40d8-bf2e-356c57286356.pdf
FK3000006,,3.2x2.5mm,Crystal Clock Oscillator,medium,36953519-f395-40d8-bf2e-356c57286356.pdf
FK3330027,,3.2x2.5mm,Crystal Clock Oscillator,medium,36953519-f395-40d8-bf2e-356c57286356.pdf
FK1600014,,3.2x2.5mm,Crystal Clock Oscillator,medium,36953519-f395-40d8-bf2e-356c57286356.pdf
FK2OOOO01,,3.2x2.5mm,Crystal Clock Oscillator,medium,36953519-f395-40d8-bf2e-356c57286356.pdf
FK2400020,,3.2x2.5mm,Crystal Clock Oscillator,medium,36953519-f395-40d8-bf2e-356c57286356.pdf
FK2400036,,3.2x2.5mm,Crystal Clock Oscillator,medium,36953519-f395-40d8-bf2e-356c57286356.pdf
FK2400038,,3.2x2.5mm,Crystal Clock Oscillator,medium,36953519-f395-40d8-bf2e-356c57286356.pdf
FK2500050,,3.2x2.5mm,Crystal Clock Oscillator,medium,36953519-f395-40d8-bf2e-356c57286356.pdf
MMDT3904-7-F,K6N,SOT363,Transient Voltage Suppression Diode,high,ds30088.pdf
BSS138P,AN*,TO-236AB,N-Channel MOSFET Transistor,high,BSS138P.pdf
H26M41208HPRQ,,153FBGA,NAND flash memory with various densities and package sizes,medium,H26M Series.pdf
H26M52208FPRQ,,,NAND flash memory with various densities and package sizes,low,H26M Series.pdf
H26M64208EMRQ,,,NAND flash memory with various densities and package sizes,low,H26M Series.pdf
H26M78208CMRQ,,,NAND flash memory with various densities and package sizes,low,H26M Series.pdf
H26M41208HPRA,,,NAND flash memory with various densities and package sizes,low,H26M Series.pdf
H26M52208FPRA,,,NAND flash memory with various densities and package sizes,low,H26M Series.pdf
H26M64208EMRA,,,NAND flash memory with various densities and package sizes,low,H26M Series.pdf
H26M78208CMRA,,,NAND flash memory with various densities and package sizes,low,H26M Series.pdf
H26M41208HPRI,,,NAND flash memory with various densities and package sizes,low,H26M Series.pdf
H26M52208FPRI,,,NAND flash memory with various densities and package sizes,low,H26M Series.pdf
H26M64208EMRI,,,NAND flash memory with various densities and package sizes,low,H26M Series.pdf
H26M78208CMRI,,,NAND flash memory with various densities and package sizes,low,H26M Series.pdf
H26M41208HPRN,,,NAND flash memory with various densities and package sizes,low,H26M Series.pdf
H26M52208FPRN,,,NAND flash memory with various densities and package sizes,low,H26M Series.pdf
H26M64208EMRN,,,NAND flash memory with various densities and package sizes,low,H26M Series.pdf
H26M78208CMRN,,,NAND flash memory with various densities and package sizes,low,H26M Series.pdf
SN74LVC1G17-Q1,"(34W5, C17O)",SOT-23,Single Schmitt-trigger buffer,high,sn74lvc1g17-q1 (1).pdf
SN74LVC1G17-Q1,"(C7J, C7O)",SC-70,Single Schmitt-trigger buffer,high,sn74lvc1g17-q1 (1).pdf
SN74LVC1G17-Q1,HM,SON,Single Schmitt-trigger buffer,high,sn74lvc1g17-q1 (1).pdf
SN74LVC1G17QDBVRQ1,"(34W5, C17O)",SOT-23,Single Schmitt-trigger buffer,high,sn74lvc1g17-q1 (1).pdf
SN74LVC1G17QDCKRQ1,"(C7J, C7O)",SC70,Single Schmitt-trigger buffer,high,sn74lvc1g17-q1 (1).pdf
SN74LVC1G17QDRYRQ1,HM,SON,Single Schmitt-trigger buffer,high,sn74lvc1g17-q1 (1).pdf
LTC1983ES6-3#PBF,LTPC,TSOT-23,Voltage Inverter,high,1983fc-2954208.pdf
LTC1983ES6-3#TRPBF,,TSOT-23,Voltage Inverter,medium,1983fc-2954208.pdf
LTC1983ES6-5#PBF,LTYB,TSOT-23,Voltage Inverter,high,1983fc-2954208.pdf
LTC1983ES6-5#TRPBF,,TSOT-23,Voltage Inverter,medium,1983fc-2954208.pdf
LTC1261,,,Switched-Capacitor Regulated Voltage Inverter,low,1983fc-2954208.pdf
LTC1261L,,MSOP,Switched-Capacitor Regulated Voltage Inverter,low,1983fc-2954208.pdf
LTC1429,,,Clock-Synchronized Switched-Capacitor Voltage Inverter,low,1983fc-2954208.pdf
LTC1514,,,Step-Up/Step-Down Switched-Capacitor DC/DC Converters,low,1983fc-2954208.pdf
LTC1515,,,Step-Up/Step-Down Switched-Capacitor DC/DC Converters,low,1983fc-2954208.pdf
LTC1516,,,Micropower Regulated 5V Charge Pump DC/DC Converter,low,1983fc-2954208.pdf
LTC1522,,,Micropower Regulated 5V Charge Pump DC/DC Converter,low,1983fc-2954208.pdf
LTC1550L,,,"Low Noise, Switched-Capacitor Regulated Voltage Inverters",low,1983fc-2954208.pdf
LTC1551L,,,"Low Noise, Switched-Capacitor Regulated Voltage Inverters",low,1983fc-2954208.pdf
LT1611,,ThinSOT,1.4MHz Inverting Mode Switching Regulator,low,1983fc-2954208.pdf
LT1617,,,"Micropower, Switched-Capacitor Voltage Inverter",low,1983fc-2954208.pdf
LT1617-1,,,"Micropower, Switched-Capacitor Voltage Inverter",low,1983fc-2954208.pdf
LTC1682,,"MS8, SO-8",Doubler Charge Pumps with Low Noise LDO,low,1983fc-2954208.pdf
LTC1682-3.3,,"MS8, SO-8",Doubler Charge Pumps with Low Noise LDO,low,1983fc-2954208.pdf
LTC1682-5,,"MS8, SO-8",Doubler Charge Pumps with Low Noise LDO,low,1983fc-2954208.pdf
LTC1751,,MSOP,Doubler Charge Pumps,low,1983fc-2954208.pdf
LTC1751-3.3,,MSOP,Doubler Charge Pumps,low,1983fc-2954208.pdf
LTC1751-5,,MSOP,Doubler Charge Pumps,low,1983fc-2954208.pdf
LTC1754,,ThinSOT,Doubler Charge Pumps with Shutdown,low,1983fc-2954208.pdf
LTC1754-3.3,,ThinSOT,Doubler Charge Pumps with Shutdown,low,1983fc-2954208.pdf
LTC1754-5,,ThinSOT,Doubler Charge Pumps with Shutdown,low,1983fc-2954208.pdf
LTC1928-5,,,Doubler Charge Pump with Low Noise LDO,low,1983fc-2954208.pdf
LTC3200,,,Constant Frequency Doubler Charge Pump,low,1983fc-2954208.pdf
FL2500022,high,DIOD_S_A0003395120_1-2512671.pdf,Electronic component from Diodes Incorporated
FL5000063Z,high,DIOD_S_A0003395120_1-2512671.pdf,Electronic component from Diodes Incorporated
FL2700102Z,high,DIOD_S_A0003395120_1-2512671.pdf,Electronic component from Diodes Incorporated
FL1350008,high,DIOD_S_A0003395120_1-2512671.pdf,Electronic component from Diodes Incorporated
FL4800063Z,high,DIOD_S_A0003395120_1-2512671.pdf,Electronic component from Diodes Incorporated
FL4000205Z,high,DIOD_S_A0003395120_1-2512671.pdf,Electronic component from Diodes Incorporated
FL1200112,high,DIOD_S_A0003395120_1-2512671.pdf,Electronic component from Diodes Incorporated
FL5000058Z,high,DIOD_S_A0003395120_1-2512671.pdf,Electronic component from Diodes Incorporated
FL4000157Z,high,DIOD_S_A0003395120_1-2512671.pdf,Electronic component from Diodes Incorporated
FL2000059,high,DIOD_S_A0003395120_1-2512671.pdf,Electronic component from Diodes Incorporated
FL1000002,high,DIOD_S_A0003395120_1-2512671.pdf,Electronic component from Diodes Incorporated
FL2000038,high,DIOD_S_A0003395120_1-2512671.pdf,Electronic component from Diodes Incorporated
FL1840007,high,DIOD_S_A0003395120_1-2512671.pdf,Electronic component from Diodes Incorporated
FL1600087,high,DIOD_S_A0003395120_1-2512671.pdf,Electronic component from Diodes Incorporated
FL1840006,high,DIOD_S_A0003395120_1-2512671.pdf,Electronic component from Diodes Incorporated
FL1920031,high,DIOD_S_A0003395120_1-2512671.pdf,Electronic component from Diodes Incorporated
FL2500137Z,high,DIOD_S_A0003395120_1-2512671.pdf,Electronic component from Diodes Incorporated
FL2600177Z,high,DIOD_S_A0003395120_1-2512671.pdf,Electronic component from Diodes Incorporated
FL3740009,high,DIOD_S_A0003395120_1-2512671.pdf,Electronic component from Diodes Incorporated
FL2400022,high,DIOD_S_A0003395120_1-2512671.pdf,Electronic component from Diodes Incorporated
FL2400135Z,high,DIOD_S_A0003395120_1-2512671.pdf,Electronic component from Diodes Incorporated
FL2000132Z,high,DIOD_S_A0003395120_1-2512671.pdf,Electronic component from Diodes Incorporated
FL2400041,high,DIOD_S_A0003395120_1-2512671.pdf,Electronic component from Diodes Incorporated
FL2500279Z,high,DIOD_S_A0003395120_1-2512671.pdf,Electronic component from Diodes Incorporated
FL2500283Z,high,DIOD_S_A0003395120_1-2512671.pdf,Electronic component from Diodes Incorporated
FL3740015,high,DIOD_S_A0003395120_1-2512671.pdf,Electronic component from Diodes Incorporated
FL1200135,high,DIOD_S_A0003395120_1-2512671.pdf,Electronic component from Diodes Incorporated
FL1200138,high,DIOD_S_A0003395120_1-2512671.pdf,Electronic component from Diodes Incorporated
FL2400081,high,DIOD_S_A0003395120_1-2512671.pdf,Electronic component from Diodes Incorporated
FL2500281,high,DIOD_S_A0003395120_1-2512671.pdf,Electronic component from Diodes Incorporated
FL1200060,high,DIOD_S_A0003395120_1-2512671.pdf,Electronic component from Diodes Incorporated
FL3200037,high,DIOD_S_A0003395120_1-2512671.pdf,Electronic component from Diodes Incorporated
FL3000027,high,DIOD_S_A0003395120_1-2512671.pdf,Electronic component from Diodes Incorporated
FL3000037,high,DIOD_S_A0003395120_1-2512671.pdf,Electronic component from Diodes Incorporated
FL5000014,high,DIOD_S_A0003395120_1-2512671.pdf,Electronic component from Diodes Incorporated
FL2500328,high,DIOD_S_A0003395120_1-2512671.pdf,Electronic component from Diodes Incorporated
FL2000057,high,DIOD_S_A0003395120_1-2512671.pdf,Electronic component from Diodes Incorporated
FL2000099A,high,DIOD_S_A0003395120_1-2512671.pdf,Electronic component from Diodes Incorporated
FL2000141,high,DIOD_S_A0003395120_1-2512671.pdf,Electronic component from Diodes Incorporated
FL2000144,high,DIOD_S_A0003395120_1-2512671.pdf,Electronic component from Diodes Incorporated
FL2400095,high,DIOD_S_A0003395120_1-2512671.pdf,Electronic component from Diodes Incorporated
FL2400159,high,DIOD_S_A0003395120_1-2512671.pdf,Electronic component from Diodes Incorporated
FL2450032,high,DIOD_S_A0003395120_1-2512671.pdf,Electronic component from Diodes Incorporated
FL2500066,high,DIOD_S_A0003395120_1-2512671.pdf,Electronic component from Diodes Incorporated
FL2500096,high,DIOD_S_A0003395120_1-2512671.pdf,Electronic component from Diodes Incorporated
FL2500121Z,high,DIOD_S_A0003395120_1-2512671.pdf,Electronic component from Diodes Incorporated
FL2500155Z,high,DIOD_S_A0003395120_1-2512671.pdf,Electronic component from Diodes Incorporated
FL2500157,high,DIOD_S_A0003395120_1-2512671.pdf,Electronic component from Diodes Incorporated
FL2500249,high,DIOD_S_A0003395120_1-2512671.pdf,Electronic component from Diodes Incorporated
FL2500323,high,DIOD_S_A0003395120_1-2512671.pdf,Electronic component from Diodes Incorporated
FL2500327,high,DIOD_S_A0003395120_1-2512671.pdf,Electronic component from Diodes Incorporated
FL1200044,high,DIOD_S_A0003395120_1-2512671.pdf,Electronic component from Diodes Incorporated
FL1350025,high,DIOD_S_A0003395120_1-2512671.pdf,Electronic component from Diodes Incorporated
FL1470016,high,DIOD_S_A0003395120_1-2512671.pdf,Electronic component from Diodes Incorporated
FL1600124,high,DIOD_S_A0003395120_1-2512671.pdf,Electronic component from Diodes Incorporated
FL1600128,high,DIOD_S_A0003395120_1-2512671.pdf,Electronic component from Diodes Incorporated
FL1920048,high,DIOD_S_A0003395120_1-2512671.pdf,Electronic component from Diodes Incorporated
FL1200092,high,DIOD_S_A0003395120_1-2512671.pdf,Electronic component from Diodes Incorporated
FL1200103,high,DIOD_S_A0003395120_1-2512671.pdf,Electronic component from Diodes Incorporated
FL1600088,high,DIOD_S_A0003395120_1-2512671.pdf,Electronic component from Diodes Incorporated
FL2000087,high,DIOD_S_A0003395120_1-2512671.pdf,Electronic component from Diodes Incorporated
FL2210005,high,DIOD_S_A0003395120_1-2512671.pdf,Electronic component from Diodes Incorporated
FL2400040,high,DIOD_S_A0003395120_1-2512671.pdf,Electronic component from Diodes Incorporated
FL2400044,high,DIOD_S_A0003395120_1-2512671.pdf,Electronic component from Diodes Incorporated
FL2400137,high,DIOD_S_A0003395120_1-2512671.pdf,Electronic component from Diodes Incorporated
FL2500013,high,DIOD_S_A0003395120_1-2512671.pdf,Electronic component from Diodes Incorporated
FL2500032,high,DIOD_S_A0003395120_1-2512671.pdf,Electronic component from Diodes Incorporated
FL2500079,high,DIOD_S_A0003395120_1-2512671.pdf,Electronic component from Diodes Incorporated
FL2500091,high,DIOD_S_A0003395120_1-2512671.pdf,Electronic component from Diodes Incorporated
FL2500101,high,DIOD_S_A0003395120_1-2512671.pdf,Electronic component from Diodes Incorporated
FL2500117,high,DIOD_S_A0003395120_1-2512671.pdf,Electronic component from Diodes Incorporated
FL2500130,high,DIOD_S_A0003395120_1-2512671.pdf,Electronic component from Diodes Incorporated
FL2500174,high,DIOD_S_A0003395120_1-2512671.pdf,Electronic component from Diodes Incorporated
FL2500179,high,DIOD_S_A0003395120_1-2512671.pdf,Electronic component from Diodes Incorporated
FL2500240,high,DIOD_S_A0003395120_1-2512671.pdf,Electronic component from Diodes Incorporated
FL1200068,high,DIOD_S_A0003395120_1-2512671.pdf,Electronic component from Diodes Incorporated
FL1200180,high,DIOD_S_A0003395120_1-2512671.pdf,Electronic component from Diodes Incorporated
FL1690007,high,DIOD_S_A0003395120_1-2512671.pdf,Electronic component from Diodes Incorporated
FL2000026,high,DIOD_S_A0003395120_1-2512671.pdf,Electronic component from Diodes Incorporated
FL2000033,high,DIOD_S_A0003395120_1-2512671.pdf,Electronic component from Diodes Incorporated
FL2000072,high,DIOD_S_A0003395120_1-2512671.pdf,Electronic component from Diodes Incorporated
FL2000083,high,DIOD_S_A0003395120_1-2512671.pdf,Electronic component from Diodes Incorporated
FL2000117,high,DIOD_S_A0003395120_1-2512671.pdf,Electronic component from Diodes Incorporated
FL2000120,high,DIOD_S_A0003395120_1-2512671.pdf,Electronic component from Diodes Incorporated
FL2400005,high,DIOD_S_A0003395120_1-2512671.pdf,Electronic component from Diodes Incorporated
FL1200129,high,DIOD_S_A0003395120_1-2512671.pdf,Electronic component from Diodes Incorporated
FL1200130,high,DIOD_S_A0003395120_1-2512671.pdf,Electronic component from Diodes Incorporated
FL1200132,high,DIOD_S_A0003395120_1-2512671.pdf,Electronic component from Diodes Incorporated
FL1220026,high,DIOD_S_A0003395120_1-2512671.pdf,Electronic component from Diodes Incorporated
FL1350009,high,DIOD_S_A0003395120_1-2512671.pdf,Electronic component from Diodes Incorporated
FL1920051,high,DIOD_S_A0003395120_1-2512671.pdf,Electronic component from Diodes Incorporated
FL1920053Z,high,DIOD_S_A0003395120_1-2512671.pdf,Electronic component from Diodes Incorporated
FL2400050,high,DIOD_S_A0003395120_1-2512671.pdf,Electronic component from Diodes Incorporated
FL2400106,high,DIOD_S_A0003395120_1-2512671.pdf,Electronic component from Diodes Incorporated
FL2400165,high,DIOD_S_A0003395120_1-2512671.pdf,Electronic component from Diodes Incorporated
DMP2305U-7,,SOT23,"20 V, 4.2 A P-channel MOSFET",medium,DIOD_S_A0001068989_1-2512499.pdf
DMP2305UQ-7,,SOT23,"20 V, 4.2 A P-channel MOSFET",medium,DIOD_S_A0001068989_1-2512499.pdf
TPS6285010MQDRLRQ1,10MQ,SOT-5X3 (DRL),Step-Down Converter,high,tps628502-q1.pdf
TPS6285010MQDRLRQ1.A,10MQ,SOT-5X3 (DRL),Step-Down Converter,high,tps628502-q1.pdf
TPS6285010MQDYCRQ1,10MQ,SOT-5X3 (DYC),Step-Down Converter,high,tps628502-q1.pdf
TPS6285010MQDYCRQ1.A,10MQ,SOT-5X3 (DYC),Step-Down Converter,high,tps628502-q1.pdf
TPS6285011HQDRLRQ1,11HQ,SOT-5X3 (DRL),Step-Down Converter,high,tps628502-q1.pdf
TPS6285011HQDRLRQ1.A,11HQ,SOT-5X3 (DRL),Step-Down Converter,high,tps628502-q1.pdf
TPS62850120QDRLRQ1,120Q,SOT-5X3 (DRL),Step-Down Converter,high,tps628502-q1.pdf
TPS62850120QDRLRQ1.A,120Q,SOT-5X3 (DRL),Step-Down Converter,high,tps628502-q1.pdf
TPS62850140QDYCRQ1,140Q,SOT-5X3 (DYC),Step-Down Converter,high,tps628502-q1.pdf
TPS62850140QDYCRQ1.A,140Q,SOT-5X3 (DYC),Step-Down Converter,high,tps628502-q1.pdf
TPS6285018AQDRLRQ1,18AQ,SOT-5X3 (DRL),Step-Down Converter,high,tps628502-q1.pdf
TPS6285018AQDRLRQ1.A,18AQ,SOT-5X3 (DRL),Step-Down Converter,high,tps628502-q1.pdf
TPS628501B0QDRLRQ1,10BQ,SOT-5X3 (DRL),Step-Down Converter,high,tps628502-q1.pdf
TPS628501B0QDRLRQ1.A,10BQ,SOT-5X3 (DRL),Step-Down Converter,high,tps628502-q1.pdf
TPS628501QDRLRQ1,100Q,SOT-5X3 (DRL),Step-Down Converter,high,tps628502-q1.pdf
TPS628501QDRLRQ1.A,100Q,SOT-5X3 (DRL),Step-Down Converter,high,tps628502-q1.pdf
TPS6285020AQDRLRQ1,20AQ,SOT-5X3 (DRL),Step-Down Converter,high,tps628502-q1.pdf
TPS6285020AQDRLRQ1.A,20AQ,SOT-5X3 (DRL),Step-Down Converter,high,tps628502-q1.pdf
TPS6285020MQDRLRQ1,20MQ,SOT-5X3 (DRL),Step-Down Converter,high,tps628502-q1.pdf
TPS6285020MQDRLRQ1.A,20MQ,SOT-5X3 (DRL),Step-Down Converter,high,tps628502-q1.pdf
TPS6285021HQDRLRQ1,21HQ,SOT-5X3 (DRL),Step-Down Converter,high,tps628502-q1.pdf
TPS6285021HQDRLRQ1.A,21HQ,SOT-5X3 (DRL),Step-Down Converter,high,tps628502-q1.pdf
TPS62850220QDRLRQ1,220Q,SOT-5X3 (DRL),Step-Down Converter,high,tps628502-q1.pdf
TPS62850220QDRLRQ1.A,220Q,SOT-5X3 (DRL),Step-Down Converter,high,tps628502-q1.pdf
TPS62850240QDRLRQ1,240Q,SOT-5X3 (DRL),Step-Down Converter,high,tps628502-q1.pdf
TPS62850240QDRLRQ1.A,240Q,SOT-5X3 (DRL),Step-Down Converter,high,tps628502-q1.pdf
TPS62850240QDYCRQ1,240Q,SOT-5X3 (DYC),Step-Down Converter,high,tps628502-q1.pdf
TPS62850240QDYCRQ1.A,240Q,SOT-5X3 (DYC),Step-Down Converter,high,tps628502-q1.pdf
TPS628502QDRLRQ1,200Q,SOT-5X3 (DRL),Step-Down Converter,high,tps628502-q1.pdf
TPS628502QDRLRQ1.A,200Q,SOT-5X3 (DRL),Step-Down Converter,high,tps628502-q1.pdf
TPS628503QDRLRQ1,300Q,SOT-5X3 (DRL),Step-Down Converter,high,tps628502-q1.pdf
TPS628503QDRLRQ1.A,300Q,SOT-5X3 (DRL),Step-Down Converter,high,tps628502-q1.pdf
